,Headlines,Timestamps
0,FOMO Options Bets Sweep Market,2023-02-10
1,"Tesla Stock Falls, Snaps Eight-Session Winning Streak",2023-02-10
2,WSJ Video: Is Elon Musk About to Be the World’s Richest Man Again?,2023-02-10
3,Stocks Turn Lower as 2023 Rebound Loses Steam,2023-02-09
4,"Ford CEO Tells Employees They Need Clearer Goals, Performance Metrics",2023-02-09
5,Volvo in Advanced Talks on Possible Lithium Mining,2023-02-09
6,"GM, GlobalFoundries Sign Chip Supply Deal",2023-02-09
7,Tesla Dominates Individual Investors’ Stock Purchases: Vanda,2023-02-09
8,Tesla Stock on Pace for Eighth Straight Advance,2023-02-09
9,"EV Startup Lucid Offers $7,500 Credit on Some Air Sedans",2023-02-09
10,"Stocks to Watch: Disney, Tesla, Credit Suisse",2023-02-09
11,Fatal Tesla Crash in 2021 Is Tied to Excessive Speed,2023-02-08
12,VW Says 2022 Sales and Profit in Line With Forecasts,2023-02-07
13,Market Rally Broadens as Tech Firms Join In,2023-02-07
14,Speculative Stocks Soar as Investors Dust Off Low-Rate Playbook,2023-02-06
15,"Nissan, Renault and Mitsubishi Must Make Their New Alliance Pay",2023-02-06
16,Speculative Stocks Soar as Investors Dust Off Low-Rate Playbook,2023-02-06
17,Thinking of Buying an EV? Readers Weigh the Decision,2023-02-06
18,"Nissan, Renault Alliance Shake-Up to Give Each More Independence",2023-02-06
19,What’s News: Business & Finance,2023-02-06
20,Carlyle to Name Banking Veteran Harvey Schwartz as CEO,2023-02-05
21,"When Does Musk Sleep? He Speaks of Limits to Fixing Twitter, Back Pain",2023-02-05
22,"For Elon Musk, Two Cases About His Tweets, and Two Victories",2023-02-04
23,Tesla Nudges Up Model Y Prices,2023-02-04
24,Dealers and Buyers Are Both Worried Cars Are Too Expensive,2023-02-04
25,What’s News: Business & Finance,2023-02-04
26,The Retreat of the Amateur Investors,2023-02-04
27,Musk Found Not Liable in Trial Over Tweets Proposing to Take Tesla Private,2023-02-03
28,Stocks Slip After January Jobs Report,2023-02-03
29,Jurors in Elon Musk Trial Over Tesla Tweets Begin Deliberating,2023-02-03
30,Jurors in Elon Musk Trial Over Tesla Tweets Hear Closing Statements,2023-02-03
31,More EVs to Qualify for Tax Credit,2023-02-03
32,Ford Posts $1.3 Billion Profit in Fourth Quarter,2023-02-02
33,"Nasdaq Surges, Powered by Tech Gains",2023-02-02
34,Options Trading Breaks Daily Record,2023-02-02
35,Short Sellers Burned With Losses Topping $100 Billion in 2023,2023-02-02
36,99% of Big Projects Fail. His Fix Starts With Legos.,2023-02-02
37,Standards Setter Floats New Rule on Crypto Accounting,2023-02-01
38,GM’s Profit Soars as Supply-Chain Problems Ease,2023-01-31
39,Tesla Confirms Justice Department Request for Autopilot Documents,2023-01-31
40,Justice Department Asks Tesla for Autopilot Documents,2023-01-31
41,GM Drains the Dregs of the Pandemic Boom,2023-01-31
42,Cathie Wood’s Ark Innovation Fund on Pace for Best Month Since 2020,2023-01-31
43,"Stocks to Watch: Exxon, General Motors, UPS and Spotify",2023-01-31
44,What’s News: Business & Finance,2023-01-31
45,Tesla’s Big Price Cuts Spark Backlash,2023-01-30
46,Ford Cuts Prices of EV Mustang Mach-E,2023-01-30
47,"EV Stocks Lose Ground After Ford, Tesla Price Cuts",2023-01-30
48,Stocks Slip as Investors Await Fed Meeting,2023-01-30
49,"Earnings Tracker: Apple, Amazon, Alphabet and Meta Report This Week",2023-01-30
50,Auto Stocks Fall After Ford Cuts Electric Mustang Prices,2023-01-30
51,Lucid Stock's Surge Drives Frenzied Options Trading,2023-01-30
52,A Wild Ride Trading One-Day Tesla Options,2023-01-30
53,EPA’s $100 Billion Climate-Aid Windfall Spurs Turmoil,2023-01-30
54,TravelCenters of America Plans EV Fast-Charger Build-Out,2023-01-30
55,Opinion: Sadness and Static as AM Stations Fade,2023-01-29
56,Toyota Rethinks EV Strategy With New CEO,2023-01-29
57,Short Sellers Feel Pain in Stock Market’s Rally,2023-01-29
58,The ‘Menswear Guy’ May Be the Twitter Algorithm’s Favorite Person,2023-01-28
59,What CEOs Are Saying: ‘The Consumer Is Under Pressure’,2023-01-28
60,"Amazon, Apple, Alphabet Headline Another Busy Earnings Week",2023-01-28
61,Where Are Markets Headed? Five Investors Look Into Crystal Ball,2023-01-28
62,"Musk Meets With White House Officials, Congressional Republicans",2023-01-27
63,"3M, Salesforce, Tesla: Stocks That Defined the Week",2023-01-27
64,Tesla Has Become One of the Hottest Stock-Option Trades on Wall Street,2023-01-27
65,Stocks Finish Higher as Investors Weigh Latest Inflation Data,2023-01-27
66,Weak Intel Earnings Hit Chip Stocks; Some Shares Recover,2023-01-27
67,Guess Who’s Using Your Netflix Account? You Might Be Surprised.,2023-01-27
68,Stocks Open Lower,2023-01-27
69,"Earnings Tracker: Takeaways From Tesla, Intel, Chevron and This Week's Other Big Results",2023-01-27
70,Tesla Has Become One of the Hottest Stock-Option Trades on Wall Street,2023-01-27
71,Don’t Blame Covid for the Worker Shortage,2023-01-27
72,Tesla Stock Rallies On Optimistic Outlook From Elon Musk,2023-01-26
73,"Stocks Rise With Economic Data, Earnings in Focus",2023-01-26
74,"Earnings Tracker: Takeaways From Tesla, Microsoft, SAP, GE and This Week's Other Big Results",2023-01-26
75,The Tesla Frenzy Is Back,2023-01-26
76,Tesla Stock on Pace for Highest Close Since December,2023-01-26
77,Toyota CEO Akio Toyoda to Hand Control to Next Generation,2023-01-26
78,Toyota Needs a New EV Road Map,2023-01-26
79,Tesla Stock Price Pops After Earnings Show Record Profit,2023-01-26
80,"Stock Futures Mostly Gain Ahead of Earnings, GDP Data",2023-01-26
81,"Stocks to Watch: Tesla, Chevron, IBM, Blackstone",2023-01-26
82,Why Tesla Is Still Gunning for Growth,2023-01-26
83,"Stock Market Today, Jan. 26, 2023: Indexes Finish Higher, Tesla Jumps; GDP Tops Forecasts",2023-01-26
84,Today's Coverage,2023-01-26
85,What’s News: Business & Finance,2023-01-26
86,Tesla Warns of Uncertainties as It Posts Record Profit,2023-01-25
87,Elon Musk Flags Recession Worries,2023-01-25
88,Elon Musk Sees Tesla Cybertruck Volume Production in 2024,2023-01-25
89,Elon Musk Credits Price Cuts for Strong Demand in 2023,2023-01-25
90,Tesla's 2023 Outlook: It's Complicated,2023-01-25
91,S&P 500 Falls as Investors Focus on Earnings,2023-01-25
92,Tesla Earnings: Stock Wavers After Reporting Quarterly Results,2023-01-25
93,Elon Musk’s Tesla Tweets Trial: What We Learned From His Testimony,2023-01-25
94,Tesla Stock Drops Ahead of Earnings,2023-01-25
95,Options Bettors Prepare for Volatility Tied to Tesla Earnings,2023-01-25
96,Stocks Dip at Wednesday's Open,2023-01-25
97,"Stocks to Watch: Microsoft, Tesla, AT&T, IBM, News Corp.",2023-01-25
98,Earnings Tracker: Results So Far This Week and What's On Deck,2023-01-25
99,Stock Futures Fall Ahead of Busy Earnings Day,2023-01-25
100,"Shift to Mined Graphite Raises Shortage Risk for EV, Battery Makers",2023-01-25
101,"Stock Market Today, Jan. 25, 2023: Indexes Finish Mixed as Dow Edges Higher; Tesla Reports Earnings",2023-01-25
102,Today's Coverage,2023-01-25
103,Elon Musk Testifies in Tesla Tweets Trial That He Was Trying to Inform Investors,2023-01-24
104,Tesla Plans $3.6 Billion Factory Expansion in Nevada,2023-01-24
105,Elon Musk Testifies in Tesla Tweets Trial That He Was Trying to Inform Investors,2023-01-24
106,"China Reopening, Dollar Weakness Lift U.S. Stocks, Goldman Says",2023-01-24
107,Ford in Talks to Sell German Plant to China’s BYD,2023-01-24
108,"Earnings Tracker—Results So Far, What's On Deck",2023-01-24
109,Today's Coverage,2023-01-24
110,What’s News: Business & Finance,2023-01-24
111,Elon Musk Testifies He Had Funding to Take Tesla Private,2023-01-23
112,Microsoft to Invest Billions in ChatGPT Creator,2023-01-23
113,Rivian’s Chief Lobbyist Is Leaving the EV Startup,2023-01-23
114,Stocks Rise at Start of Busy Earnings Week,2023-01-23
115,Tesla Is Still Wall Street’s Favorite Car Company,2023-01-23
116,"Electric-Vehicle Stocks Jump Monday: Lucid, Rivian, Nio, Tesla",2023-01-23
117,"Elon Musk Testifies He Had Funding to Take Tesla Private, Citing SpaceX, Saudi Arabia",2023-01-23
118,Tesla Is Still Wall Street's Favorite Car Company,2023-01-23
119,What’s News: Business & Finance,2023-01-23
120,"The First ETF Launched 30 Years Ago, Revolutionizing Investing",2023-01-22
121,Tesla Is Last Stronghold for Investors Buying the Dip in Tech Stocks,2023-01-22
122,Tesla’s Price Cuts Put Pressure on Rivals,2023-01-22
123,"Tesla, Microsoft Headlining Busy Earnings Week",2023-01-21
124,What’s News: Business & Finance,2023-01-21
125,Elon Musk Flags Limitations of Tweets in Tesla Trial,2023-01-20
126,"Microsoft, Goldman Sachs, Netflix: Stocks That Defined the Week",2023-01-20
127,FTC Wants ‘Pharma Bro’ Martin Shkreli to Be Held in Contempt,2023-01-20
128,"Ross Gerber, Jim Chanos Debate the Case for Tesla Stock",2023-01-20
129,"GM, LG Scrap Plans to Partner on Fourth Factory",2023-01-20
130,"What’s Next for Tesla Stock: Live Q&A, 1 p.m. ET",2023-01-20
131,Tesla’s Price Cuts Are Good for Lithium,2023-01-20
132,Elon Musk Sold Tesla Shares Before Company Acknowledged Weakness,2023-01-20
133,What to Expect for Tax Season 2023,2023-01-20
134,Today's Coverage,2023-01-20
135,Mercedes-Benz’s EQB: A Crossover Aimed at Tesla’s Model Y,2023-01-19
136,Tesla Stock Edges Lower; Live WSJ Conversation About the Shares Friday,2023-01-19
137,What’s News: Business & Finance,2023-01-19
138,Opinion: When Pay Transparency Is Opaque,2023-01-18
139,Musk Trial Opens to Debate Over Nature of Tesla Tweets,2023-01-18
140,WSJ Video: Don’t Write Off Tesla as America’s EV Market Booms,2023-01-18
141,"Stocks to Watch: Moderna, United Airlines, PNC, Tesla",2023-01-18
142,Global Battery Alliance Creates Digital Passport to Enhance Battery Transparency,2023-01-18
143,Recent Trends in Insider Risk,2023-01-17
144,"Stocks to Watch: National Instruments, Goldman Sachs, Morgan Stanley, Alibaba",2023-01-17
145,"Goldman Sachs, Morgan Stanley to Post Earnings Shortly",2023-01-17
146,EVs Made Up 10% of All New Cars Sold Last Year,2023-01-16
147,"Musk, Tesla Poised for Trial",2023-01-16
148,"Tesla Cut Prices, but Some Buyers Won’t Get EV Tax Credit",2023-01-14
149,Opinion: A Simple Way the Republican House Can Combat the Woke Left,2023-01-13
150,Heard on the Street Recap: Lender Bender,2023-01-13
151,Stocks Climb as Investors Parse Bank Earnings,2023-01-13
152,Judge Rejects Elon Musk Request to Relocate Trial Over Tesla Tweets,2023-01-13
153,What if Tesla Is…Just a Car Company?,2023-01-13
154,"Tesla Stock, Auto Sector Shares Sell Off After Elon Musk's Company Cuts Prices",2023-01-13
155,"Stocks to Watch: Tesla, Automakers, Banks, Delta Air Lines",2023-01-13
156,Don’t Write Off Tesla as America’s EV Market Booms,2023-01-13
157,Stock Futures Fall After Bank Earnings,2023-01-13
158,Toyota Considers New EV-Dedicated Platform,2023-01-13
159,What’s News: Business & Finance,2023-01-13
160,Tesla Cuts Prices Across Models Sold in U.S.,2023-01-13
161,"Vol. 35, No. 12: Inflation Language",2023-01-12
162,Retail Investors' Tesla Stock Purchases Hit Record,2023-01-12
163,"EV Startup Lucid Beats Production Target, Struggles to Deliver Cars",2023-01-12
164,China’s Precarious Moment: Covid Everywhere and Few Restrictions,2023-01-12
165,Robinhood Traders Double Down on Tesla,2023-01-11
166,"Stocks to Watch: Tesla, Airline Stocks, Bed Bath & Beyond, CarMax",2023-01-11
167,Today's Coverage,2023-01-11
168,Tesla Considers $775 Million Texas Factory Expansion,2023-01-10
169,Falling Car Prices Will Slow Detroit’s Profit Machine,2023-01-10
170,China’s EV Sales Broke Record in 2022,2023-01-10
171,"Nasdaq Rises, as Dow and S&P 500 Slip",2023-01-09
172,Retail Investors Pile Into Tesla,2023-01-09
173,Do You Have a ‘Failure Résumé’? The Latest Profession Broadcasting Its Misses and Flubs,2023-01-09
174,New York City Scrambling to Find Space for EV Chargers,2023-01-09
175,What’s News: Business & Finance,2023-01-09
176,Opinion: The Voting Bloc Against Bossiness,2023-01-08
177,Bonds Open 2023 With a Rally,2023-01-08
178,SpaceX Aims to Speed Launch Pace as Rivals Prep New Rockets,2023-01-08
179,Developing Nations Aren’t Ready for EVs—Unless They Are Made in China,2023-01-08
180,Musk Seeks to Move Trial Over Tesla Tweets Out of San Francisco,2023-01-07
181,"The Future of Car Technology, as Seen at CES 2023",2023-01-07
182,What’s News: Business & Finance,2023-01-07
183,"Amazon, Bed Bath & Beyond, World Wrestling Entertainment: Stocks That Defined the Week",2023-01-06
184,You May Be Able to Buy a Self-Driving Car After All,2023-01-06
185,Why Last Year’s Losers Are Still Losing,2023-01-06
186,"Kia EV6 GT: Fast, Furious, Almost as Good as Tesla",2023-01-06
187,Why Big Donors Can’t Reel In GOP Rebels,2023-01-06
188,"Stocks to Watch: Bed Bath & Beyond, Tesla, WWE, Silvergate",2023-01-06
189,Tesla Slashes Prices in China Again After Deliveries Slump,2023-01-06
190,U.S. EV Sales Leapt in 2022 as Newcomers Target Tesla,2023-01-06
191,ChatGPT Creator Is Talking to Investors About Selling Shares at $29 Billion Valuation,2023-01-05
192,Mercedes-Benz Plans to Install Its Own Network of EV Chargers,2023-01-05
193,Elon Musk Tweets Support for Kevin McCarthy as GOP Leader Tries to Win Over Holdouts,2023-01-05
194,Ford’s U.S. Auto Sales Fell 2% in 2022,2023-01-05
195,Tesla’s China Deliveries Fell Sharply in December Despite Discounts,2023-01-05
196,Corporate Insiders Aren’t Betting on a Market Rebound,2023-01-05
197,U.S. Auto Sales in 2022 Worst in Over a Decade,2023-01-04
198,Stocks Rise After Downbeat Start to 2023,2023-01-04
199,Tesla Stock Regains Some Ground After Tuesday Selloff,2023-01-04
200,"Stocks to Watch: Alibaba, Tesla, GE, Apple, Salesforce",2023-01-04
201,Cathie Wood's ARK Continues Adding to Tesla Position Amid Plunge,2023-01-04
202,Today's Coverage,2023-01-04
203,Stocks Slip as Investors’ Worries Carry Into 2023,2023-01-04
204,Stocks Slip in First Session of the New Year,2023-01-03
205,EV Startup Rivian Missed 2022 Production Target,2023-01-03
206,Tesla’s Sales Miss Puts Spotlight on Margins,2023-01-03
207,Tesla Stock Posts Worst Drop in Over Two Years,2023-01-03
208,Heard on the Street Recap: From Model S to Pumpkin,2023-01-03
209,Tesla Stock Falls After Deliveries Miss 2022 Target,2023-01-03
210,Wall Street Thinks Tesla Stock Price Could Double,2023-01-03
211,Saudi Crown Prince Tangles With Sovereign Wealth Fund Over How to Invest Oil Riches,2023-01-03
212,"Tesla, Etsy Selloff Sends Stocks Lower",2023-01-03
213,"Meta, PayPal and Tesla Among Companies to Record Worst Yearly Performance in 2022",2023-01-03
214,"Stocks to Watch: Tesla, Alibaba, Block, GE",2023-01-03
215,The Dow Flattens The S&P,2023-01-03
216,"Stock Market News, Jan. 3, 2023: U.S. Indexes Decline to Start January, Tesla Drops",2023-01-03
217,Today's Coverage,2023-01-03
218,What’s News: Business & Finance,2023-01-03
219,Tesla Misses Delivery Target as Growth Slows,2023-01-02
220,Opinion: EVs Can Overcome the Obstacles,2023-01-01
221,"Chinese Factories, Restaurants Adjust to Life Without Zero-Covid",2023-01-01
222,The Year Big Tech Stocks Fell from Glory,2023-01-01
223,China’s Economy Reels as Beijing Lifts ‘Zero-Covid’ Measures,2022-12-31
224,The Craziest Moments From the Longest Tech Boom (So Far),2022-12-31
225,"Tesla, Apple, Southwest Airlines: Stocks That Defined The Week",2022-12-30
226,"Tesla Stock Fell 65% in 2022, Its Biggest-Ever Annual Decline",2022-12-30
227,Investors Remain on Edge After Brutal Markets Year,2022-12-30
228,The Most Interesting Success and Failure of 2022,2022-12-30
229,Dozens of Large Stocks Head for Worst Year in More Than a Decade,2022-12-30
230,This Is the Most Popular Options Trade in the Entire Market,2022-12-30
231,Buying the Dip in Tech Is Backfiring,2022-12-30
232,"Stocks to Watch: Tesla, Futu, Palantir",2022-12-30
233,Today's Coverage,2022-12-30
234,U.S. Moves to Appease Allies on EV Subsidies,2022-12-29
235,Opinion: Biden’s Back Door Tesla Subsidy,2022-12-29
236,Stocks Rally As Year-End Approaches,2022-12-29
237,Cathie Wood and Elon Musk Are Almost Right About Fed,2022-12-29
238,A Brief Respite for This Year's Worst Stocks,2022-12-29
239,Retail Investors Bought Tesla More Than Any Other Stock in 2022,2022-12-29
240,"Tesla Stock Jumps Thursday, Still Set For Worst Year Ever",2022-12-29
241,"Tesla Isn't The Only Buzzy Stock With A Terrible Year. Just Ask Carvana, Match Group and Opendoor",2022-12-29
242,"Stocks to Watch: Tesla, Cal-Maine Foods, Exxon Mobil",2022-12-29
243,"Stock Market News, Dec. 29, 2022: Stocks Surge; Tesla Stock Jumps",2022-12-29
244,What’s News: Business & Finance,2022-12-29
245,Stocks Fall as China Reopening Remains in Focus,2022-12-28
246,Tesla Stock Suffers December Selloff,2022-12-28
247,Tesla Stock Heads for Worst Performance This Year of Any Major S&P 500 Company,2022-12-28
248,"Stocks to Watch: Tesla, XPeng, Southwest, Rivian",2022-12-28
249,China’s EV Market Will Slow in 2023. That Still Leaves It Ahead.,2022-12-28
250,"With New EVs Arriving, Brand Loyalty Goes Out the Window",2022-12-28
251,Today's Developments,2022-12-28
252,Corrections & Amplifications,2022-12-28
253,Opinion: The Great Tesla Stock Repricing,2022-12-27
254,Stocks Mixed After China Says It Will Open Borders,2022-12-27
255,Chinese EV Maker Nio Cuts Delivery Outlook Amid Covid Disruptions,2022-12-27
256,"Stocks to Watch: Southwest, Tesla, Alibaba",2022-12-27
257,Auto-Loan Interest Rates Are Skyrocketing. No One Told Credit Unions.,2022-12-27
258,What’s News: Business & Finance,2022-12-27
259,China to Open Borders as Covid-19 Cases Rise,2022-12-26
260,Tesla Extends Shutdown at Shanghai Plant,2022-12-26
261,Opinion: Not So Fast on Electric Cars,2022-12-25
262,Rising Power Prices in Europe Are Making EV Ownership More Expensive,2022-12-25
263,Tesla Shares Head for Worst Year Ever,2022-12-24
264,What’s News: Business & Finance,2022-12-24
265,Allbirds Were the Tech Bro ‘It’ Shoe. Then the Tech Bros Moved On.,2022-12-24
266,Are You ‘Extremely Hardcore’ or Not? How Elon Musk Is Dividing Silicon Valley’s Elite,2022-12-24
267,Stocks Edge Higher After Consumer Spending Data,2022-12-23
268,"Elon Musk’s Finances Complicated by Declining Wealth, Twitter Pressures",2022-12-23
269,Tesla Stock Edges Lower Friday,2022-12-23
270,"Tesla, Meta Lead Big Tech's Market Value Wipeout",2022-12-23
271,Elon Musk Says He Will Pause Selling Tesla Shares,2022-12-23
272,Investors Shy Away From Risky Margin Bets,2022-12-23
273,"Stocks to Watch: Tesla, AMC, Meta",2022-12-23
274,Musk Invokes Twitter Succession Without Giving Clarity on Successor,2022-12-23
275,"Elon Musk’s SpaceX Stake Moves Lower, But Executive Retains Control",2022-12-23
276,What’s News: Business & Finance,2022-12-23
277,"Tesla Doubles Discounts on Model 3, Model Y Vehicles",2022-12-22
278,Tesla Stock Falls Sharply on Thursday,2022-12-22
279,"Senate Probes Whether Tesla, GM, Others Have Possible Links to Uyghur Forced Labor",2022-12-22
280,"Stocks to Watch: Tesla, Micron, CarMax",2022-12-22
281,What’s News: Business & Finance,2022-12-22
282,Tesla Bears Are Sitting on $15 Billion in Gains This Year,2022-12-21
283,Traders Rush into Tesla Put Options,2022-12-21
284,"2023 Nissan Ariya Premiere: A Sporty, Pricey EV Crossover",2022-12-21
285,Elon Musk Offers Worst Job in Tech,2022-12-21
286,Retail Investors Bought More Tesla Than Ever This Year,2022-12-21
287,"Elon Musk Says Twitter ‘Will, In Fact, Be OK Next Year’",2022-12-21
288,Musk Plans to Step Down as Twitter Head,2022-12-20
289,Stocks Waver After Bank of Japan’s Surprise Adjustment,2022-12-20
290,Stock Picking Makes a Comeback in Market Turbulence,2022-12-20
291,China’s Workers Are Calling In Sick With Covid After Beijing’s U-Turn,2022-12-20
292,Tesla Now Less Valuable than Johnson & Johnson,2022-12-20
293,Elon Musk’s Twitter Poll Shows Users Want Him to Step Down,2022-12-19
294,Heard on the Street Recap: Capping Off,2022-12-19
295,Bob Dylan on Music’s Golden Era vs. Streaming: ‘Everything’s Too Easy’,2022-12-19
296,Tesla Stock Gains After Twitter Poll Tells Elon Musk to Step Down at Social-Media Giant,2022-12-19
297,"Elon Musk Polls Twitter Users, Asking Whether He Should Step Down",2022-12-18
298,Toyota Chief Says ‘Silent Majority’ Has Doubts About Pursuing Only EVs,2022-12-18
299,The Backstory Behind ChatGPT Creator OpenAI,2022-12-18
300,Elon Musk’s SpaceX Prepares for Starship Launch,2022-12-18
301,Jeep Maker Stellantis Downshifts Ambitions in China,2022-12-17
302,Could the Key to Widespread EV Adoption Be Less Range?,2022-12-17
303,Elon Musk Seeks Additional Funds for Twitter,2022-12-16
304,"Coinbase, Moderna, Tesla: Stocks That Defined the Week",2022-12-16
305,"Ford Raises Price of F-150 Lightning for Third Time This Year, to Nearly $56,000",2022-12-16
306,Elon Musk’s Twitter Barbs Have New Magnitude,2022-12-15
307,Santa Claus Rally? Not for Mega-Cap Stocks,2022-12-15
308,"Stocks to Watch: Tesla, Lennar, Nordson",2022-12-15
309,What’s News: Business & Finance,2022-12-15
310,Elon Musk Sold More Than $3.5 Billion Worth of Tesla Shares,2022-12-14
311,"Twitter Suspends Accounts Sharing Live Locations, Including the Tracker of Elon Musk’s Private Jet",2022-12-14
312,Tesla's Market Value Drops to Lowest Since November 2020,2022-12-14
313,FASB Lays Out Disclosure Requirements for Companies’ Crypto Holdings Ahead of Potential Proposal,2022-12-14
314,"2022’s Biggest News Stories, as Told by The Wall Street Journal",2022-12-14
315,Redwood Materials Plans Battery-Materials Plant in South Carolina,2022-12-14
316,BRV Capital Seeks $1 Billion to Back Electric Vehicle Industry Suppliers,2022-12-14
317,Tesla Investors Voice Concern Over Elon Musk’s Focus on Twitter,2022-12-13
318,SpaceX Eyes Higher Valuation in Offering Employee Shares for Sale,2022-12-13
319,"Elon Musk Is No Longer the World’s Richest Person, Falls Behind Bernard Arnault",2022-12-13
320,Stocks Jump After Inflation Data,2022-12-13
321,The Heard on the Street Recap:,2022-12-13
322,Tesla Stock Extends Declines as Broader Markets Rise,2022-12-13
323,"S&P 500, Tesla Options Dominate Trading",2022-12-13
324,Opinion: All Biden’s Green Job Losers,2022-12-12
325,Investors Are Losing Faith in Cathie Wood’s ARK,2022-12-12
326,"Heard on the Street Recap: Hey, I'll BREIT Back",2022-12-12
327,"Dow Rallies More Than 500 Points With Inflation, Rate Outlook in Focus",2022-12-12
328,Cathie Wood's Flagship ARK Fund Still Faces 'Risk Premium',2022-12-12
329,Elon Musk’s Twitter Takeover Draws NASA’s Attention,2022-12-12
330,Half-Price Tesla Stock Is Still No Bargain,2022-12-12
331,Microsoft Tops the Best-Managed Companies of 2022,2022-12-11
332,Twitter’s Advertising Truth Hurts,2022-12-11
333,"Jay Leno on Electric Cars, Hydrogen Fuel, Space Travel—and His Recent Accident",2022-12-11
334,"Opinion: Noonan, Musk and the Other Side of Idealism",2022-12-09
335,Adam Grant on What Makes an Effective Leader in a New Era,2022-12-09
336,Workers at GM-LG Battery Plant in Ohio Vote to Unionize,2022-12-09
337,Hertz Names First CMO Since 2020 Amid New Focus on Electric Vehicles,2022-12-08
338,‘How the Victorians Took Us to the Moon’ Review: Partial Progress,2022-12-08
339,"Opinion: Elon Musk Slashes Bureaucracy, Giving Twitter a Chance to Soar",2022-12-08
340,"Tesla Sales of Chinese-Made Cars Hit Record, as Nation’s Auto Market Shrinks",2022-12-08
341,Car Dealers Prepare for Softening Demand as Uncertain Outlook Looms,2022-12-08
342,Retail Traders Ease Stock Buying: Vanda Research,2022-12-07
343,EV-Maker VinFast Shifts Into Gear for U.S. IPO,2022-12-07
344,What CEOs Are Taking Away From Elon Musk’s Management of Twitter,2022-12-06
345,Tesla’s Latest EV Will Fill Up on Subsidies,2022-12-06
346,Opinion: Biden Starts a Climate Trade War,2022-12-05
347,Stocks Slide on Strong Economic Data,2022-12-05
348,Tesla Stock Falls After China Production Cut Reports,2022-12-05
349,"Stocks to Watch: Tesla, Delta, Apple, Credit Suisse",2022-12-05
350,"Twitter, Tesla, Neuralink, SpaceX: A Week Running on Musk Time",2022-12-04
351,Hawaii Home Asks $24 Million,2022-12-02
352,Tesla Delivers Semi Trucks to PepsiCo,2022-12-01
353,"From Elon Musk to Drake, Celebrity Nightstand Photos Are Causing a Stir",2022-12-01
354,"Elon Musk Says Apple, Twitter Have ‘Resolved’ Differences After Meeting",2022-11-30
355,Tesla Stock Heads For Worst Year Ever,2022-11-30
356,Twitter Becomes Stage for China Protests Despite Ban by Beijing,2022-11-30
357,Twitter’s Former Trust and Safety Chief Says He Left When System of Governance Went Away,2022-11-29
358,Elon Musk’s Twitter Politics Add to Pressure on Tesla’s Brand Image,2022-11-29
359,"Meet Kevin, the ETF",2022-11-29
360,Why America Doesn’t Have Enough EV Charging Stations,2022-11-29
361,Car Makers Face Bumpier Road in China,2022-11-29
362,Elon Musk’s Apple Attack Sets Stage for Public Spat,2022-11-29
363,The Heard on the Street Recap: The Great Fall,2022-11-28
364,Musk Claims Apple Is Threatening to Remove Twitter From App Store,2022-11-28
365,Slow Self-Driving Car Progress Tests Investors’ Patience,2022-11-28
366,Elon Musk’s Boring Company Ghosts Cities Across America,2022-11-28
367,Supreme Court Weighs Limits in Fraud Prosecutions,2022-11-28
368,Twitter Is Too Musk to Fail,2022-11-28
369,Crypto Entrepreneurs Fail to Capture Musk’s Attention With Goat Statue,2022-11-27
370,Opinion: Crypto’s Final Price Could Be Zero,2022-11-27
371,"Marketers Must Be Flexible, Without Losing Identity, in Uncertain Times",2022-11-27
372,"Stocks to Watch: Activision, Apple, Chevron, Tesla, Manchester United",2022-11-25
373,"Tesla to Recall About 80,000 Cars in China",2022-11-25
374,VW Faces New Problem in China: Homegrown Competitors,2022-11-24
375,Sam Bankman-Fried Said He Would Give Away Billions. Broken Promises Are All That’s Left.,2022-11-24
376,Adobe Challenger Bets Economic Downturn Will Propel Sales,2022-11-23
377,Musk’s Twitter Takeover Triggers a Partisan Clash,2022-11-23
378,Crypto Speculation Is All But Over. Its Systemic Troubles Aren’t.,2022-11-22
379,Is Elon Musk Your Boss’s Anger Translator?,2022-11-22
380,Domino’s Pizza Invests in Electric-Vehicle Fleet to Help Stores Recruit Drivers,2022-11-21
381,"How Elon Musk’s Twitter Faces Mountain of Debt, Falling Revenue and Surging Costs",2022-11-21
382,How Will Ferrell Became the King of Christmas,2022-11-21
383,"Musk, Sanders Both Miss the Mark Over Pricey Insulin",2022-11-21
384,"GOP House Majority Could Shield Industries From New Taxes, Regulations",2022-11-21
385,Tesla Board View That Elon Musk Is Irreplaceable Emerged in Pay Trial,2022-11-19
386,Debunking the Myth of the Tech Gods,2022-11-19
387,Twitter’s Mass Resignations Test Elon Musk’s Management Playbook,2022-11-18
388,"Target, Amazon, Starbucks: Stocks That Defined the Week",2022-11-18
389,Subsidies Supercharge GM’s EV Strategy,2022-11-18
390,Volkswagen’s China Joint Venture to Halt Manual-Car Production,2022-11-18
391,Tim Draper Touts Decision to Pull Out of China,2022-11-18
392,This Was Supposed to Be a Banner Year for Stock Buybacks. What Happened?,2022-11-18
393,"BHP, World’s Top Miner, Nears Biggest Acquisition in a Decade",2022-11-17
394,GM Outlines Game Plan to Protect Profit in EV Transition,2022-11-17
395,"Elon Musk Was an Unlikely Flight Risk at Tesla When Pay Package Came Together, His Brother Said",2022-11-17
396,Stagnant Scientific Productivity Holding Back Growth,2022-11-17
397,Volkswagen’s New CEO Puts Self-Driving Car Plans Under Review,2022-11-17
398,What’s News: Business & Finance,2022-11-17
399,Musk Floated Possibility of Having Successor at Tesla,2022-11-16
400,Musk Tells Twitter Staff to Work ‘Long Hours at High Intensity’ or Leave,2022-11-16
401,EV Startups Struggle to Catch Tesla’s Hype Train,2022-11-16
402,"Work From Home to Cut Energy Bills, European Employers Say",2022-11-16
403,Warren Buffett-Backed Electric-Car Giant BYD Halts Spinoff of Chip Unit,2022-11-16
404,Tesla Projections Take Center Stage at Musk Compensation Trial,2022-11-15
405,Auto Makers Adopt Lower-Cost Batteries for EVs,2022-11-15
406,Elon Musk’s Tesla Compensation Trial Kicks Off,2022-11-14
407,Stocks Drop After Last Week’s Big Rally,2022-11-14
408,Elon Musk Talks of ‘Too Much Work on My Plate’ After Twitter Takeover,2022-11-14
409,Amazon Founder Jeff Bezos to Give Most of His Money to Charity,2022-11-14
410,What’s News: Business & Finance,2022-11-14
411,Opinion: Freeing EVs From the Dealer Cartel,2022-11-13
412,Coming Soon for Homeowners: Solar Panels That Actually Look Attractive,2022-11-13
413,"Elon Musk, Tesla Board Members to Defend CEO’s Pay in Court",2022-11-13
414,Electric Vehicles Require Lots of Scarce Parts. Is the Supply Chain Up to It?,2022-11-12
415,Electric Vehicles Need More—and Faster—Charging Stations. How Do We Get Them?,2022-11-12
416,Twitter Stops Giving Out Blue Check Marks After Impersonators Take to the Platform,2022-11-11
417,"Coinbase, Meta, Disney: Stocks That Defined the Week",2022-11-11
418,Pro Take: Musk Warns of a Potential Twitter Bankruptcy. He Would Be the Big Loser.,2022-11-11
419,"Opinion: Suddenly, Elon Musk’s Twitter Has an Existential Crisis",2022-11-11
420,Tech Workers Face a New Reality as Talent Wars Turn to Pink Slips,2022-11-11
421,Koch Teams With Startup to Build Giant Battery Factory,2022-11-11
422,Musk Made an Unusual Request in Fallout With Top Lieutenant,2022-11-11
423,Elon Musk Raises Specter of Twitter Bankruptcy Amid Executive Turmoil,2022-11-10
424,"In California’s Wine Country, Some Towns Ban New Gasoline Stations",2022-11-10
425,California Home Solar-Subsidy Revisions Boost Industry Stocks,2022-11-10
426,Tech Stocks Soar After CPI Report,2022-11-10
427,Layoffs Aren’t a Good Look for Big Tech’s Growth Story,2022-11-10
