,Headlines,excerpts,Timestamps
0,"Tesla: resilient carmaker gives shorts $7bn headache Premium
 content",...Tesla has reclaimed its spot as the most shorted large stock on the US market. A share price rally and boss Elon Musk’s alienating...,2023-02-09
1,Volvo Cars’ electric sales triple despite rising costs,...Volvo Cars said it had “no need” to join Tesla and Ford in cutting prices for its electric models after sales tripled last year. During...,2023-02-09
2,Baupost chief Klarman blames Fed for ‘financial fantasyland’,"...low yields, most of the absurd ‘meme stocks’, and stocks such as Tesla — intensely hyped, egregiously overvalued, and priced only for the smoothest of rides...",2023-02-08
3,Big subsidies and ‘shovel ready’ sites: US states woo clean energy firms,...the IRA was enacted are now enjoying a second phase of investment. Tesla last month announced a $3.6bn plan to expand in Nevada to...,2023-02-07
4,Ford has bigger problems than an EV price war,...results. Even if it’s a price war between only Ford and Tesla. Ford’s stock is down more than 9 per cent since Thursday...,2023-02-06
5,Business class: Electric vehicles defy price war after Ford and Tesla discounts,...then answer the questions: Electric vehicles defy price war after Ford and Tesla discounts Elon Musk’s company accounted for 72 per cent of the...,2023-02-05
6,Electric vehicles defy price war after Ford and Tesla discounts,...2022 — the best sales performance for any electric model not made by Tesla — but Tesla sold more than six times as many Model Ys. The...,2023-02-05
7,Baillie Gifford sheds more than £100bn in assets in 2022,"...over five to 10 years and was an early backer of Amazon, Tesla and Alibaba. Over the past year prominent growth investors such as Baillie...",2023-02-05
8,US blue-chips set for first profit drop since Covid crisis,"...growth and promised to reduce costs. Other tech companies have fared better. Tesla reported record revenues of $24.3bn for the quarter, up 37 per...",2023-02-05
9,Corporate America is divided on odds of US recession,"...they are preparing for at least a mild US recession. Elon Musk, Tesla’s chief executive, went further, telling analysts last week that the carmaker...",2023-02-04
10,Elon Musk wins investor lawsuit over Tesla ‘funding secured’ tweet,"...a manner that might prompt a “reasonable investor” to buy or sell Tesla stock. “When Elon tweets about Tesla, people listen,” Porritt said. Jurors heard...",2023-02-04
11,Toyota has a tragic flaw in the electric vehicle drama,"...alone. Until recently, it did not merely lag behind carmakers such as Tesla and BYD, the Chinese company, in making the kind of zero emission...",2023-02-03
12,BMW plans €800mn Mexican EV and battery investment amid subsidies row,"...foreign minister, said of the factors aligning in the country’s favour. Tesla, the US EV leader, has been scouting sites in Mexico for a...",2023-02-03
13,"The auto industry’s tech shift speeds up Premium
 content","...is now seeking a change as it faces emerging challengers such as Tesla, a company that has been around for less than two decades. Toyoda...",2023-02-02
14,How can investors ride the EV boom?,...EV revolution? And are there smarter ways to do this than buying Tesla?Should you buy the Tesla dip? Some investors have been nursing their...,2023-02-02
15,This is a really trashy rally,...Sentiment Basket: +29.3 per centSpec tech: ARKK: +27.2 per cent Tesla: +40 per cent Goldman Sachs Non-Profitable Tech Basket: +22 per centPrivate...,2023-02-01
16,GM invests $650mn in US lithium mine to secure EV battery materials,"...control. Ford on Monday cut prices on its Mustang Mach-E, following Tesla’s lead from earlier in the month. But GM said that while...",2023-01-31
17,Time for “the great EV deflation”,...they doing on the cost side to create enough room to follow Tesla’s current and future price cuts without compressing margins. Tesla is expected...,2023-01-31
18,Norway’s $1.3tn oil fund bounces back after worst year since 2008,"...worst performers of all the fund’s equity investments were Amazon, Meta, Tesla, Alphabet and Apple as a result of the sell-off in big...",2023-01-31
19,Ford cuts price of Mustang Mach-E as EV industry competition heats up,"...Ford is to increase production and cut prices of its flagship electric SUV to remain competitive in the electric vehicle marketplace, just weeks after Tesla...",2023-01-30
20,"Renault/Nissan: equal footing is the first step back to relevance Premium
 content","...worth €10bn, thinks Jefferies. Bulls expect at least double that based on Tesla’s past success. Most important is the road directly ahead. New, more...",2023-01-30
21,Further reading,"...Investor Amnesia) — Tulane University’s Ann Lipton on the bizarre Musk-Taking-Tesla-Private lawsuit, and how it hinges on “materiality” — just not in the...",2023-01-30
22,US stocks tick upwards to end week higher,"...was forecast to come in about $3bn below analysts’ expectations. Shares of Tesla surged 11 per cent, adding double-digit gains for the second session...",2023-01-27
23,Coding is still a good career bet,"...suggests lines of code. Andrej Karpathy, a former director of AI at Tesla, tweeted last month that Copilot was writing 80 per cent of his...",2023-01-27
24,FirstFT: US economy surprises,"Also in today’s newsletter, UK engineering group compared to a ‘burning platform’ and Intel slashes forecasts",2023-01-27
25,"Blackstone’s real estate empire keeps leaking Premium
 content",...Rolls-Royce’s new chief warns company is a ‘burning platform’ (FT) Tesla shares jump after Elon Musk signals ‘potential’ for 2mn car sales this...,2023-01-27
26,Brands weigh cost against popularity of watch fairs,...happened digitally . . . was a disaster. Even technology-driven brands like Apple or Tesla need public events to create an atmosphere. Fairs still can create the...,2023-01-27
27,Wall Street stocks rise after data show US economic resilience,"...a close eye on corporate reports, with shares in electric-car maker Tesla jumping 11 per cent after its fourth-quarter results were released late...",2023-01-26
28,LVMH lifts dividend as record profits defy downturn,"...and turned Arnault into the richest person in the world ahead of Tesla’s Elon Musk and Amazon’s Jeff Bezos, according to Forbes. The...",2023-01-26
29,Tesla shares jump after Elon Musk signals ‘potential’ for 2mn car sales this year,...on Wednesday sought to allay investor worries that demand is waning as Tesla faces rising competition from other big carmakers and tougher economic conditions. Tesla...,2023-01-26
30,Can generative AI’s stimulating powers extend to productivity?,"...come. For example, the computer scientist Andrej Karpathy, who previously worked at Tesla and OpenAI, tweeted that Copilot had “dramatically accelerated” his workflow by writing...",2023-01-26
31,"Big Oil’s cash bonanza Premium
 content","...at justin.jacobs@ft.com. And in Data Drill, Amanda looks at Tesla’s weakening grip on the EV market. Thanks for reading — JustinA look...",2023-01-26
32,FirstFT: Trump Facebook ban lifted,...tanks to Ukraine. 2. Elon Musk seeks to dispel fears about slowing Tesla demand Upbeat comments from Tesla chief executive Elon Musk helped send shares...,2023-01-26
33,Toyota chief Akio Toyoda to step down as carmaker wages EV battle,"...a large-scale rollout of electric cars to compete with offerings from Tesla, industry incumbents such as Nissan and Volkswagen, and emerging EV manufacturers in...",2023-01-26
34,"Supply chains shifts and splits Premium
 content","...year, companies gave away millions of dollars worth of such prizes — including Tesla cars, in one case. But the bosses of these companies sounded a...",2023-01-26
35,Tesla sees a bumpy road ahead,...This is an audio transcript of the FT News Briefing podcast episode: ‘Tesla sees a bumpy road ahead’ Marc FilippinoGood morning from the Financial Times...,2023-01-26
36,"The forever labour shortage Premium
 content","Two views on wages, ageing and inflation",2023-01-26
37,US stocks end day flat as investors await new economic data,"...their early declines, helping a recovery in the broader stock market indices. Tesla reports its fourth-quarter figures later on Wednesday, with analysts polled by...",2023-01-25
38,FirstFT: US and Germany to send tanks to Ukraine,...s early trades after problems occurred with about 250 stocks. Company earnings Tesla will update investors today on its performance in the final quarter of...,2023-01-25
39,"Risk on, economy off Premium
 content","...earnings reports yesterday, most importantly Microsoft’s, were just fine. Deep breaths. Tesla this afternoon; Visa and Mastercard tomorrow. Everyone feeling good? Email us: robert...",2023-01-25
40,FirstFT: US states seek to lure European clean tech groups,...Europe. 3. Elon Musk says he believed he had funding to take Tesla private On his second day of testimony in a San Francisco federal...,2023-01-24
41,"Ken Griffin’s $16bn profit-palooza Premium
 content",...Suisse (FT) Elon Musk says he believed he had funding to take Tesla private (FT) UniCredit chief Andrea Orcel slashes bill for consultants (FT) Spotify...,2023-01-24
42,The rise of Esther Crawford in Elon Musk’s ‘hardcore’ Twitter,...vision that Musk seeks to instil across his other companies such as Tesla and SpaceX where there is an expectation of working long hours “at...,2023-01-24
43,Stocks make gains as investors bet on smaller Fed rate rise,"...the effects of the weakening economy,” he said. Johnson & Johnson, Microsoft and Tesla are among the US companies reporting results later this week. A measure...",2023-01-23
44,Elon Musk says he believed he had funding to take Tesla private,"...Elon Musk said he believed he had sufficient financial backing to take Tesla private, both from Saudi Arabia’s sovereign wealth fund and his own...",2023-01-23
45,"Ford plans to slash jobs in Europe, says German union","...production in Europe due to supply chain issues, price cuts by rival Tesla as well as the energy crisis as reasons for the most recent...",2023-01-23
46,A Latin American common currency?,"...would have raised new funds. He could also liquidate more of his Tesla stock to put more of his own equity into Twitter, and settle...",2023-01-23
47,Week Ahead: Nigeria’s $11bn lawsuit comes to court in London,...another week for Elon Musk watchers (just like every other week) with Tesla reporting fourth quarter figures on Wednesday. The company has been cutting prices...,2023-01-22
48,Will US growth have slowed in the fourth quarter of 2022?,"...it would be cutting 10,000 jobs to trim costs. Shares in Tesla, which releases results on Wednesday, fell 65 per cent over the period...",2023-01-22
49,AI chatbot’s MBA exam pass poses test for business schools,"...internet searches and the world of work. Musk himself, the founder of Tesla and one of the original funders of OpenAI, has argued that MBA...",2023-01-21
50,Musk vs Arnault: the tale of two tycoons,...and the management dramas at the social network has also spooked some Tesla investors. The Tesla stock lost 70 per cent of its value in...,2023-01-21
51,Something for the weekend: China’s New Year,...to listen to Behind the Money — 2023 has not been kind to Tesla so far. Its stock price has slumped and its chief Elon Musk...,2023-01-21
52,Elon Musk plays down influence of his tweets on Tesla’s share price,"...Musk’s 2018 tweets saying he had the necessary funding to take Tesla private. No deal ever materialised, prompting shareholders to sue Musk, Tesla and...",2023-01-20
53,"The Lex Newsletter: hired, wired then fired Premium
 content",...came about because of a Financial Times story on Saudi investment in Tesla. He also claimed that the tweet did not imply that Musk had...,2023-01-20
54,Morgan Stanley pulls the Pepsi trick on Goldman,"...likeable but tended to be extremely profitable. Like Apple, Coca-Cola and Tesla, there was no mistaking what Goldman produced, and it did so very...",2023-01-20
55,Letter: Give EV owners real-time data on charging points,"...Your correspondent Peter Campbell reports (“Tesla reduces prices across Europe and US by up to 20%”, Report, January 14) that Tesla has cut its electric...",2023-01-20
56,"Norway’s oil fund sends a warning shot to ESG laggards Premium
 content","...from that of the two larger markets, China and the US. First, Tesla — which has enjoyed tremendous success as an early entrant in the US...",2023-01-19
57,FirstFT: Ready for Ron,"...2. Elon Musk made ‘split-second’ decision to tweet, court hears The Tesla chief executive made the “split second” decision to tweet that he had...",2023-01-19
58,"Mind the Gap, Goldman Premium
 content",...One thing to start: Elon Musk made the “split-second decision” to tweet that he had “funding secured” to take Tesla private in 2018 after...,2023-01-19
59,"Elon Musk made ‘split-second’ decision on Tesla tweet after FT report, lawyer says","...stock price with several tweets, including one that read: “Am considering taking Tesla private at $420. Funding secured.” Tesla’s stock soared after the message...",2023-01-18
60,US lithium supplies stuck in neutral,...Thacker Pass’s fate is due early this year. Elon Musk’s Tesla recently had to renegotiate a lithium supply deal with the miner Piedmont...,2023-01-18
61,FirstFT: Wall Street rivals diverge,...over Elon Musk’s tweets claiming he had “funding secured” to take Tesla private in 2018. Read more on what investors allege. Nato The alliance...,2023-01-18
62,A turning point for Tesla?,"...in the road. And depending on who you ask, whether it’s Tesla’s fans or Tesla’s critics, there’s two different paths that...",2023-01-18
63,"Twitter confronts its ‘un-due diligence-able debt’ Premium
 content",...fast. Raising cash by collateralising more shares in his electric vehicle group Tesla has its own set of problems) But bankers who spoke to the...,2023-01-18
64,Elon Musk’s Tesla ‘funding secured’ trial to begin after jury selected,"...materialised. Shareholders allege the posts ultimately caused them significant financial losses as Tesla shares whipsawed in response. Musk argues his posts, which prompted Tesla’s...",2023-01-18
65,Thailand’s motor industry becomes a Japan-China battleground,"...in its early days in Thailand.” EVs from Toyota, BMW, Volvo and Tesla cost more than 1mn baht ($29,000) in Thailand — as much as...",2023-01-17
66,Investors slash bets on US stocks as they seek returns in Europe and EM,"...Apple, Microsoft and Google owner Alphabet, as well as electric-car maker Tesla and chipmaker Nvidia, posted huge gains from the market lows in 2020...",2023-01-17
67,FirstFT: China’s population drops in historic shift,...initial public offerings had on profits when they report earnings this morning. Tesla trial Jury selection is set to begin today in San Francisco for...,2023-01-17
68,For sale: Twitter’s stuff,"...a gold mine, the company that could lead to Morgan Stanley owning Tesla. Here’s an FT Alphaville guide to the top three art pieces...",2023-01-17
69,How do I choose a stocks and shares Isa?,"...before who’ve put lots of money into a single stock like Tesla and have come a cropper. So her instincts are right, but what...",2023-01-17
70,Companies race to work around choke points in world trade,"...weather. Other sustainability questions are preoccupying businesses and governments. Electric carmakers, including Tesla, have been pressing for better supply chain traceability to root out cobalt...",2023-01-17
71,Looming Twitter interest payment leaves Musk with unpalatable options,"...enormous debt pile, ranging from bankruptcy proceedings to another costly sale of Tesla shares. Three people close to the entrepreneur’s buyout of Twitter said...",2023-01-17
72,China’s carmakers outstrip foreign brands in its electric vehicle boom,"...local companies that are outperforming foreign carmakers. BYD, the Warren Buffett-backed Tesla rival and widely considered China’s brightest EV star, expects sales of...",2023-01-17
73,Asset Management: BlackRock sends a shiver through the funds industry,"...investors, lost more than $14bn in 2022 on US electric vehicle maker Tesla and ecommerce company Shopify, according to calculations by the Financial Times. A...",2023-01-16
74,Western nations urged to subsidise emissions-free aircraft,"...they did in electric cars,” he said, noting that the success of Tesla’s Model S led to it developing the cheaper Model 3. Heart...",2023-01-15
75,Shorts triumph in tough year for FT stockpickers,"...were the key to the winning strategy, it was a US stock, Tesla, that once again was the most popular and divisive stock in the...",2023-01-14
76,US stocks notch largest weekly gains in two months,Cooling inflation boosts chances of US central bank lifting rates by 0.25 percentage points,2023-01-13
77,"The Lex Newsletter: succession questions at LVMH, WWE and Disney Premium
 content",...this essay on design in a column I wrote this week about Tesla’s Cybertruck. It appears in US magazine n+1 and is worth...,2023-01-13
78,"Musk, FTX and the politicisation of everything Premium
 content","...left holding the bag for a very long time. Then there is Tesla, Musk’s crowning glory, which has seen its shares fall to a...",2023-01-13
79,Tesla cuts electric car prices across Europe and US to bolster demand,"...and £8,000 overnight, according to industry figures and prices listed on Tesla’s website. Tesla said the cuts took the entry-level cost of...",2023-01-13
80,Questions of privilege,"...which to place everyone from Elon Musk to a cleaner in a Tesla factory”: that skin colour is the most important factor driving inequality, past...",2023-01-13
81,Baillie Gifford admits ‘humbling year’ after $14bn loss on Tesla and Shopify,"...year” after the investment group lost more than $14bn on stakes in Tesla and ecommerce group Shopify. Tom Slater, manager of the firm’s £13...",2023-01-12
82,"Flying car, anyone?","...for an “ultralight” aircraft for amateur pilots. It was a utopian time: Tesla had popularised electric sports cars, autonomous driving looked like it was just...",2023-01-12
83,"A PlayStation on wheels and China’s battle of the platforms Premium
 content","...hit the market, it will be up against existing EV players like Tesla, European premium makers including BMW — another CES exhibitor — and possibly self-driving...",2023-01-12
84,Global stocks rise ahead of US inflation report,"...was led by high-flying growth stocks such as Apple, Alphabet and Tesla. But the FTSE 100 dodged the carnage in global equities last year...",2023-01-11
85,Tesla’s Cybertruck may spell the end of Big Tech minimalism — if it ever gets here,"...When Elon Musk first unveiled Tesla’s Cybertruck its design was shocking. Bulky and angular, the electric pick-up truck looked weird and impractical. Watching...",2023-01-11
86,FirstFT: Calls grow for Bolsonaro to be expelled,"Also in today’s newsletter, Virgin rocket fails to reach orbit and Xi’s plan to reset China",2023-01-10
87,ProShares draws record inflows as investors bet on volatility,"...On Monday, the only share with more trading volume than TQQQ was Tesla, with SQQQ in third. A quarter of all trades in ETFs in...",2023-01-10
88,Vale weighs offers for stake in base metals business,...has agreements in place to provide nickel for batteries to Ford and Tesla. Bartolomeo insisted Vale was not concerned with reclaiming its crown as the...,2023-01-10
89,"The spy chief behind a $240bn corporate empire  Premium
 content","...s wild ride at Twitter dominates the headlines, his electric vehicle group Tesla is beginning to veer off course because of slipping demand and an...",2023-01-10
90,The pursuit of profit with purpose requires patience,...anyone else? Or that people such as Microsoft chief Satya Nadella or Tesla boss Elon Musk have had less impact than others outside business? The...,2023-01-10
91,Toyota leasing unit warns of ‘unprecedented’ challenge to boost EV sales,"...beyond those it had already disclosed. In addition to rivals such as Tesla and Volkswagen, Toyota faces competition in EVs from new entrants such as...",2023-01-10
92,US stocks pare gains after hawkish comments from Fed members,"...almost 2.3 per cent, finished 0.6 per cent higher, with Tesla and chipmakers Nvidia and Advanced Micro Devices rising more than 5 per...",2023-01-09
93,World awaits return of Chinese tourists,"...largest market. Meanwhile in China, the world’s biggest electric vehicle market, Tesla owners protested against the company’s price cuts, upset that their cars...",2023-01-09
94,Tesla owners in China protest against price cuts,...joined more than 20 other car owners to stage a protest at Tesla’s delivery centre in the eastern city of Wenzhou on Sunday. “Tesla...,2023-01-09
95,"Investing in battery metals: ‘It’s a re-education’ Premium
 content",...pressure on this front has come largely from electric carmakers led by Tesla. They’ve been demanding evermore supply chain traceability to root out cobalt...,2023-01-09
96,The Cult of Musk is creaking,"...peace” with Musk after suggesting he should step down, and insisting that “Tesla is so cheap, I buy buy buy Tesla Tesla Tesla”. But the...",2023-01-09
97,Fall in tech stocks in 2022 helps fuel recovery for short sellers,"...Last year’s big drop in the share price of Tesla, Amazon, Apple and Facebook owner Meta has helped deliver bumper profits for investors betting...",2023-01-09
98,"Musk/multitasking: the cost of being thinly stretched Premium
 content",...Tweeting while driving is risky — as Tesla shareholders know only too well. The US car maker’s stock has fallen by two-thirds since chief...,2023-01-08
99,Wall Street behemoths’ dominance poses risks to markets,"...much more pain to come for market titans, including electric-car maker Tesla. The 10 biggest stocks by market capitalisation in the benchmark S&P...",2023-01-07
100,US stocks register gains in first week of 2023,S&P 500’s 2.3 % rise on Friday came after jobs data show slowing wage growth,2023-01-06
101,Bet365 chief Denise Coates’s earnings topped £260mn in 2022,"...10 US executives, including Tim Cook of Apple and Elon Musk of Tesla. Musk was paid around $10bn in option awards by Tesla last year...",2023-01-06
102,Interest rate rises help slow US jobs growth,"...maker, unveiled luxury models to take on western rivals Mercedes and BMW. Tesla meanwhile has cut prices of its electric cars in the country.Science...",2023-01-06
103,Trouble at Tesla: the end of a golden age of growth?,...are going to need an electric vehicle that people can afford and Tesla is in a very good position to do that.” The Tesla chief...,2023-01-06
104,"Pay inflation: investors must fix market failure of CEO salaries Premium
 content","...worth a lot of money — although Elon Musk’s pay packet at Tesla, worth up to $50bn, is still breathtaking. But the skills required to...",2023-01-06
105,"The Lex Newsletter: cyclical trend will remain no friend in 2023 Premium
 content","...is run by Elon Musk. He is also supposed to be supervising Tesla, Twitter and a bunch of other ventures. In the case of SpaceX...",2023-01-06
106,"The business case for happy employees Premium
 content","...soared in 2020 and 2021, surely helped by an incredible run for Tesla, its seventh-largest holding. But as Elon Musk’s troubles weigh on...",2023-01-06
107,Further reading,...Wired) — Is it time to kill calculus? (Salon) — Can Elon Musk make Teslas cheaper with this one weird trick? (Peter Dolan) — On ChatGPT (London Review...,2023-01-06
108,"Covid chaos in China and a new Swiss haven Premium
 content",...despite US curbs (FT) Inside China’s online nationalist army (Nikkei Asia) Tesla supplier Panasonic seeks to balance US and Chinese markets in tech war...,2023-01-06
109,From peak dollar to better TV: Ruchir Sharma’s investor guide to 2023,"...the broad markets, appearing in small cap stocks, clean energy stocks including Tesla, cryptocurrencies including Bitcoin, Spacs or “special purpose acquisition companies,” and tech stocks...",2023-01-06
110,Taiwan plans domestic satellite champion to resist any China attack,"...Valley venture capital firm that was an early investor in SpaceX and Tesla, Musk’s electric car company. Draper declined to comment. TASA said the...",2023-01-06
111,ChatGPT developer OpenAI in talks to raise capital at almost $30bn valuation,"...PitchBook. OpenAI was co-founded in 2015 by big tech figures — including Tesla boss Elon Musk, PayPal co-founder Thiel and investor Sam Altman — to...",2023-01-05
112,Mercedes chief warns of rising protectionism in car industry,"...the second largest public charging network built by a single carmaker bar Tesla’s infrastructure, is expected to cost near €3bn and will be split...",2023-01-05
113,Chinese carmaker BYD unveils luxury models in global expansion drive,"...switch to electric vehicles prompting the launch of newer brands, from pioneer Tesla to dozens of start-ups, many from China. The Shenzhen-based carmaker...",2023-01-05
114,"OK, 2022 was a disaster for Tesla. What next?",...Drew Dickson is the founder and chief investment officer of Albert Bridge Capital. He doesn’t have a position in Tesla’s stock. Despite Tesla...,2023-01-05
115,"Tesla shares are no longer insane Premium
 content",...job is hard. Email me with your thoughts: robert.armstrong@ft.com. Tesla Tesla shares are down more than 70 per cent since they peaked...,2023-01-05
116,UK sales of electric cars overtake diesel for first time,"...December was pure electric, a figure inflated by a late delivery of Teslas from China during the month. New rules come into effect next year...",2023-01-05
117,China EV makers worried by end of subsidies and chip crunch,"...an EV laggard CATL-linked battery materials company Shangtai stages big IPO Tesla, Tata and others tout affordability as Asia’s EV race heats up...",2023-01-04
118,US stocks pare gains after Fed minutes signal continued tightening,Investors also seize on economic data that show contraction in manufacturing activity,2023-01-04
119,Tesla’s Springfield Gorge trajectory,"...week’s price decline, which can be pinned on just one fact: Tesla sells fewer cars than it makes. Morgan Stanley estimates that Tesla’s...",2023-01-04
120,Europe provides glimmer of optimism amid global gloom,"...start to the year, led by big falls for electric-car company Tesla and Apple, which was hit by concerns over waning demand. Markets globally...",2023-01-04
121,Chinese battery makers strengthen grip on global supply,"...South Korean and Japanese rivals lagging behind. CATL, supplier to carmakers including Tesla and Volkswagen, more than doubled battery sales to 165.7 gigawatt hours...",2023-01-04
122,"ESG themes to watch in 2023 Premium
 content","...the top dogs, but both underperformed the S&P 500 in 2022. Tesla, another ESG darling, shed almost two-thirds of its value in 2022...",2023-01-04
123,FirstFT: Tesla’s terrible start to the year,...Tesla shares ended the first trading session of 2023 with a loss of more than 12 per cent after a disappointing trading update from the...,2023-01-04
124,"Private markets are not a crisis risk Premium
 content","...ugly (one Twitter wag misquoted Yoda artfully: “Begun, the clown wars have.”) Tesla shares took a beating; I’ll probably write about that later this...",2023-01-04
125,Apple and Tesla start 2023 on the wrong foot,...This is an audio transcript of the FT News Briefing podcast episode: ‘Apple and Tesla start 2023 on the wrong foot’ Marc Filippino Good morning...,2023-01-04
126,Tesla leads Wall Street lower in downbeat start to 2023,"...US stocks started 2023 on a downbeat note, pulled lower by companies including Tesla and Apple, drawing a contrast to the more optimistic new year...",2023-01-03
127,Head of Saudi Arabia wealth fund subpoenaed in case over Elon Musk’s Tesla tweet,...2018 tweet by Elon Musk claiming he had “funding secured” to take Tesla private. Tesla’s legal team served papers to an office administrator for...,2023-01-03
128,Tesla shares slide on delivery fears as Apple’s value dips below $2tn,"...Tesla shares tumbled on the first day of trading in 2023 after the group’s new vehicle deliveries fell short of Wall Street expectations, while...",2023-01-03
129,"SpaceX/Musk: gravity-defying fundraising would be a space oddity Premium
 content","...been a disaster so far. It has even infected investor confidence in Tesla, contributing to a drop of nearly three-quarters in the shares of...",2023-01-03
130,FirstFT: A new era for Congress,...member Senate. Meet the newcomers. Five more stories in the news 1. Tesla deliveries fall short of Wall Street expectations The electric car company delivered...,2023-01-03
131,"Five big finance questions for 2023 Premium
 content","...under its debt and Musk’s chaotic leadership, attention has shifted to Tesla, the car company responsible for most of Musk’s wealth but not...",2023-01-03
132,European stocks kick off 2023 with gains after steep falls last year,"...its value, with many pandemic-era high flyers such as electric carmaker Tesla tumbling. Monday’s gains in Europe were broad, with most sectors of...",2023-01-02
133,Further Reading,...The incredible 37-page guide for staffing senator Kyrsten Sinema (Daily Beast) — Tesla’s worst year ever in the markets still leaves it an expensive...,2023-01-02
134,"Business trends, risks and people to watch in 2023","...a 63 per cent slide in its stock price from the peak, Tesla shareholders will be hoping Musk has his sights in 2023 set squarely...",2023-01-02
135,World’s largest money managers need a better ESG script,"...rating bodies, or Elon Musk’s complaint that his electric car company Tesla, downrated largely because of its controversial labour practices, ranks lower than the...",2022-12-31
136,Tesla supplier Panasonic seeks to balance US and Chinese markets in tech war,...Panasonic will actively pursue growth in both the US and China as the Tesla supplier bolsters cash management to navigate the headwinds of the technology...,2022-12-31
137,A stock market bounce in 2023 is not a sure bet,"...t yet the bottom? In an interview on the All-in podcast, Tesla founder Elon Musk mused last week about the potential for “mass panic...",2022-12-30
138,Stock and bond markets shed more than $30tn in ‘brutal’ 2022,"...tech titans, which had led the pandemic-era rally beginning in 2020. Tesla, the electric carmaker, has shed almost two-thirds of its value this...",2022-12-30
139,FT writers’ predictions for the world in 2023,"...mark. We were wrong in calling an end to the “great resignation”; Tesla’s shares fell, thanks in part to Elon Musk’s Twitter escapades...",2022-12-30
140,"Asset managers, please spare us your polyexcuses","...the hundred-year average? Shut up about Russia for a second. Why Tesla on 190 times, Amazon on 45 times? Nasdaq was still above 40...",2022-12-30
141,"CEO resolutions: Chief Twit must regain his wits Premium
 content",...eccentricities by making enough electric cars to please Wall Street. Shares in Tesla have fallen 65 per cent over 2022 amid a broad tech stock...,2022-12-30
142,Musk breaks the spell he had woven around Tesla,"...For much of this year, as other growth stocks collapsed, Tesla appeared to defy gravity. The bulls complained that shares in Elon Musk’s electric...",2022-12-30
143,US stocks rise as investors weigh China Covid surge,"...Composite 2.6 per cent as investors bought tech stocks such as Tesla, Netflix and Apple. Trading volumes were thinner on Thursday with many investors...",2022-12-29
144,Oil and gas stocks shine in miserable year for US equities,"...supermajors. ExxonMobil’s market capitalisation recently surpassed that of electric car maker Tesla, whose shares have plunged more than 50 per cent since chief executive...",2022-12-29
145,Wall Street stocks slip after China softens Covid policy,"...t come,” said Steve Holt, head of international equity sales at Baird. Tesla’s stock has fallen 40 per cent in a month, Apple has...",2022-12-28
146,Three ways Big Tech got it wrong,...the face of competition from rivals with experience in production and distribution. Tesla is discovering this the hard way. Tesla’s share of the US...,2022-12-28
147,FirstFT: Stocks fall after ‘Santa rally’ hopes are dashed,"...general boost to shares yesterday, particularly in China. But individual stocks, including Tesla and Apple (whose shares finished 1.4 per cent lower) were hit...",2022-12-28
148,Hopes of ‘Santa rally’ in US stocks fade as megacaps struggle,"...strained during almost three years of pandemic isolation. But individual stocks, including Tesla and Apple, were hit by concerns over disruptions to their China manufacturing...",2022-12-28
149,Tesla shares lose $85bn in market value over brutal week,"...Tesla stock has registered its worst week since the onset of the pandemic in March 2020, losing $85bn in market value in a reflection of...",2022-12-23
150,The FT Weekend quiz of the year,What was the dance number that Elon Musk wrote? Which Oscar nominee returned to Ramsay Street? And who had the booziest Lunch with the FT? Thirty questions to test your knowledge of 2022,2022-12-23
151,FirstFT: Trump ‘central cause’ of Capitol riot,"Plus, Sam Bankman-Fried bailed and who should be the next CEO of Twitter?",2022-12-23
152,"Michael Rubin & SBF’s Bahamas bromance Premium
 content","...to Bloomberg, after what has been a challenging period for the group. Tesla has sent its China boss Tom Zhu to the US to help...",2022-12-23
153,US stocks slide as weak earnings and strong data weigh,"...of semiconductor-related stocks lower, including Nvidia, down 7 per cent. Elsewhere, Tesla was another big faller, off 8.9 per cent following the news...",2022-12-22
154,What Elon Musk could be looking for in a Twitter CEO,"...looking for a CEO, a title he has kept for himself at Tesla and SpaceX. That suggests he wants to hand over more responsibility for...",2022-12-22
155,Revenge of reality: how technology was discounted in 2022,"...year, one rash fool in the Financial Times predicted that shares in Tesla, the electric car company run by Musk, would keep going up in...",2022-12-22
156,Porsche and the decline of the German stock market,Carmaker’s €75bn IPO was rare hurrah for Frankfurt exchange short on dynamism and innovation,2022-12-22
157,UK childcare in crisis,"...US tech companies are ditching their European offices and investors have taken Tesla’s stock down a peg. Plus, childcare costs in the UK have...",2022-12-22
158,Cathie Wood’s Ark sheds almost $50bn in assets since 2021 peak,"...and her borderline outlandish predictions on everything from shares in electric carmaker Tesla to the price of bitcoin, as well as her savvy use of...",2022-12-21
159,Wanted: a CEO for Twitter,"...system that Musk hopes could one day travel to Mars. Meanwhile, restive Tesla shareholders have already sued Musk over concerns that the company has enriched...",2022-12-21
160,Musk blames cost cuts at Twitter on ‘$3bn negative cash flow’,...to show how Twitter could provide a return on their investment. The Tesla and SpaceX chief executive previously indicated he plans to transform Twitter into...,2022-12-21
161,Return of the quant,"...in valuations related to technological advances has receded — Eg, the normalisation of Tesla’s valuation versus the broader auto sector. Similarly, communications sector disrupters have...",2022-12-21
162,"The BoJ flinches, but only a little Premium
 content",...the very poor performance of a few very large stocks. Amazon and Tesla together make up 36 per cent of the S&P consumer discretionary...,2022-12-21
163,FirstFT: Mr Zelenskyy goes to Washington,...removed. 2. Elon Musk vows to step aside as Twitter CEO The Tesla and SpaceX boss tweeted last night that he would resign as soon...,2022-12-21
164,Musk vows to step aside as Twitter CEO once successor is found,...to-day operations and product development at the social networking site. The Tesla and SpaceX boss revealed his decision in a tweet late on Tuesday...,2022-12-21
165,Tesla share slide sends valuation below ExxonMobil,...Tesla has fallen below ExxonMobil in stock market value for the first time since 2020 as investors flock back to Big Oil and flee Elon...,2022-12-20
166,"Musk/Twitter: bizarre equity offering provides vibes in place of value Premium
 content","...wanted to, could simply hand the keys of Twitter to his creditors. Tesla shareholders would prefer to have his attention again. Instead, he is selling...",2022-12-20
167,"Musk should replace himself with Sheryl Sandberg or Sarah Friar Premium
 content","...There are reports of missed targets in the US. Meanwhile, investors in Tesla are complaining about the time their chief is spending on Twitter. A...",2022-12-19
168,FirstFT: Musk followers vote him out as Twitter chief,...he bought for $44bn in October. (You can view the result here). Tesla’s shares rallied in pre-market trading on expectations Musk might dedicate...,2022-12-19
169,Twitter users vote to remove Musk as chief executive,"...successor.” The company’s owner, who is also the chief executive of Tesla and SpaceX, has previously signalled he would eventually give up the CEO...",2022-12-19
170,Musk polls Twitter users on whether he should step down as CEO,...high-profile Silicon Valley allies for being too restrictive. The SpaceX and Tesla chief executive said the policy would be “adjusted” so that suspensions would...,2022-12-19
171,Metaverse storms ETF charts to become industry’s hottest concept,"...perform spinal surgery, the US army buying Microsoft’s AR headsets and Tesla creating a simulation of San Francisco to test its self-driving systems...",2022-12-19
172,Correction: Elon Musk,"...Elon Musk owned about 500mn shares in Tesla, according to a proxy statement in March, not Twitter as wrongly stated in a Lex note on...",2022-12-18
173,Musk seeks to sell Twitter shares in search of new funds,"...on the loan. Between Monday and Wednesday, Musk sold $3.6bn in Tesla, the electric vehicle maker he founded and leads. It was his fourth...",2022-12-17
174,"The Lex Newsletter: Elon Musk and life in the ‘Boring Twenties’ Premium
 content",...the world. The fact that he managed to turn electric car company Tesla into a trillion-dollar stock gave weight to his words. Perhaps under...,2022-12-16
175,"Exclusive: Microsoft’s green grid bid Premium
 content","...the peril of ignoring “G” (governance) factors when chasing “E” (environmental issues). Tesla’s share price has halved in recent months, harming the returns of...",2022-12-16
176,Herbert Diess to make comeback to corporate Germany as Infineon chair,"...s powerful works council and his ambition to take on electric pioneer Tesla. The announcement of his new job comes as his successor, Oliver Blume...",2022-12-16
177,Further reading,"...collateral on the riskiest stuff, the margin loans, might be switched to Tesla stock — though that was before Musk sold $3.6bn of Tesla apparently...",2022-12-16
178,"Elon Musk and the end of cheap money Premium
 content","...using opportunistic stock and convertible debt offerings to finance the rise of Tesla. When its shares soared, he turned Tesla into an ATM, borrowing billions...",2022-12-16
179,"Tesla/Twitter: damage ripples across the Musk multiverse Premium
 content","...with data up to March 31, he owned about 500mn shares of Tesla outright along with 270mn in exercisable options. Tesla allows executives to borrow...",2022-12-15
180,FirstFT: Deep cuts coming to Goldman’s bonuses,"...in inflation, one said. 2. Elon Musk sells another $3.6bn of Tesla stock The billionaire has offloaded another tranche of Tesla stock, bringing the...",2022-12-15
181,Elon Musk offloads another $3.6bn of Tesla stock,"...underperforming rival car groups such as Ford or General Motors. “Elon abandoned Tesla and Tesla has no working CEO,” wrote Leo KoGuan, a major Tesla...",2022-12-15
182,Volkswagen aims to meet EU emissions rules without Chinese help,"...on our own.” Previous years also saw Fiat Chrysler team up with Tesla to pass the standards, although FCA later pulled out of the arrangement...",2022-12-14
183,How to pay executives in the age of stakeholder capitalism,"...Advisors, the Los Angeles consultancy. Some investors are going further. Shareholders in Tesla have taken the carmaker to court over the pay package awarded to...",2022-12-14
184,"BlackRock’s Larry Fink under fire Premium
 content",...without fresh debate about the future of electric vehicles in general — and Tesla in particular (not least because its share price has halved in recent...,2022-12-13
185,"Fewer companies gain top score for environmental disclosures in 2022, report shows","...to encourage businesses to improve their reporting on environmental risk. Berkshire Hathaway, Tesla and oil and gas producers Saudi Aramco, ExxonMobil and Chevron are among...",2022-12-13
186,Twitter disbands safety council in wake of member resignations,"...on the platform over the past few days, in which the billionaire Tesla chief executive also took aim at LGBT+ communities, US chief medical adviser...",2022-12-13
187,"Geely/luxury EVs: Zeekr sub-brand should find US investor appetite Premium
 content",...The rise of Tesla in China has inspired domestic rivals to do the same: target premium sales and move overseas. Zeekr has raised prices and...,2022-12-12
188,Has the index effect evaporated?,"...mining to Tesla becoming an insurance giant. Even aside from how owning Tesla has made many rich, Tesla stock ownership has become an extension of...",2022-12-12
189,"The Lex Newsletter: The City of London is becoming a heritage theme park Premium
 content",...Paris’s two main airports. We were also impressed this week by Tesla’s first deliveries of electric trucks to Pepsi. It is a more...,2022-12-09
190,Union wins election in first at Detroit-owned electric vehicle battery plant,"...has so far been shut out of representing workers at EV leader Tesla, as well as most suppliers for the sector, raising the question of...",2022-12-09
191,Further reading,...TNR) — Concrete built the modern world. Now it’s destroying it (Noema) — Tesla says its self-driving technology may be a ‘failure’ — but not fraud...,2022-12-09
192,The big debate in climate tech. Plus Jancis Robinson,...on a large scale now. You probably know someone who drives a Tesla or who lives next to a wind farm. So one way we...,2022-12-09
193,SocGen bets big on equity research with AllianceBernstein deal,Joint venture underlines the deepening challenge facing both the US asset manager and French bank,2022-12-09
194,"Tesla/Thailand: tax breaks electrify local car market   Premium
 content",...Tesla’s entry into Thailand is perfectly timed. The south-east Asian country is on the cusp of becoming a new source of growth for...,2022-12-08
195,"Fuel could soon become a deflationary force Premium
 content","...largely because of high battery demand and Russia’s invasion of Ukraine. Tesla, GM and other automakers have blamed the rising costs for pushing higher...",2022-12-08
196,Further reading,...of investor unease (Wall Street Journal $) — Elon Musk’s bankers consider Tesla margin loans to cut risky Twitter debt (Bloomberg $) — Musk briefly loses...,2022-12-08
197,"TSMC’s US push and chaos at ‘iPhone city’ Premium
 content",...world’s largest EV maker is planning to beat rivals Nissan and Tesla in the country on price. BYD will begin selling its first passenger...,2022-12-08
198,Further reading,"...statistics (John Halpin / Substack) — Europe’s energy crisis is reshaping geopolitics (OilPrice) — Tesla’s Berlin hub can’t hire enough people, or keep them (Wired...",2022-12-07
199,Further reading,...chime with this image. Elsewhere on Tuesday . . . — Musk gambled big on Twitter. Tesla is going to pay the price (Insider) — In clover; a review of...,2022-12-06
200,Chinese battery makers set to dominate Europe’s car industry,"...192GWh, followed by France and Sweden. The US is fifth, thanks to Tesla’s plant in Berlin, followed by Germany and Norway. The UK is...",2022-12-06
201,"Trucks: Tesla Semi pulls ahead as start-up rivals crash Premium
 content",...pay. UPS and Walmart have put in orders of their own for Tesla’s Semi. Efficiency lowers costs. Tesla boss Elon Musk says the Semi...,2022-12-05
202,"The go-slow gambit on Biden’s car subsidies Premium
 content","...coming the other way. Half the Chinese exports to the EU are Tesla and the rest also overwhelmingly non-Chinese brands, including BMW and Renault...",2022-12-05
203,"The Lex Newsletter: Big money does not make football a business Premium
 content",...look even weaker. Lex believes Musk should sell an additional $10bn of Tesla shares as a precaution. Twitter has debts of $13bn and is distracting...,2022-12-02
204,"Elon Musk: distracted by Twitter, on Twitter Premium
 content","...time than ever. This week, Musk has tweeted about Twitter 55 times, Tesla 14 times and SpaceX twice. A similar breakdown occurred the previous month...",2022-12-02
205,Musk’s experiment in chaos management at Twitter 2.0,Headline-grabbing run at the social media company tests approach of ripping things up to rebuild,2022-12-01
206,Elon Musk appears to reconcile with Apple after Twitter tirade,"...on the platform, writing: “Do they hate free speech in America?” The Tesla and SpaceX chief executive also raised concerns about Apple’s “in-app...",2022-12-01
207,Silicon Valley law firm Cooley axes more than 100 employees,...cut off the law firm from its work for his electric carmaker Tesla. Musk wanted Cooley to dismiss a lawyer who had previously worked at...,2022-12-01
208,"Twitter/Apple: dangerous spat should prompt erratic billionaire to cut debt Premium
 content","...Perhaps Tesla electric vehicles just sell themselves. In a month of owning Twitter, the Tesla chief has demonstrated that persuasion is not his strong suit...",2022-11-30
209,"How the world’s biggest miner hopes to profit from the energy transition Premium
 content","...subject of increasingly vital concern for the world economy. Companies such as Tesla, for example, are worried about sourcing nickel for their electric cars, which...",2022-11-30
210,Connie Chan: TikTok is showing Google and Amazon the future of search,...principles on creating a product that people love. Like people love their Tesla [electric vehicles]. I think he’s going to take that same dedication...,2022-11-30
211,"Why ‘buy, borrow, die’ tax strategy could become ‘buy, borrow, pray’","...portfolio. When Elon Musk originally proposed using a margin loan against his Tesla stock to fund his bid for Twitter, the loan-to-value was...",2022-11-30
212,Companies will find it hard to diversify away from China Covid shock,"...for an increasing number of industries and companies. For foreign groups including Tesla, Apple and Samsung, moving production closer to the market helps ingratiate them...",2022-11-30
213,Further reading,"...does some unprompted unpacking (Twitter) — Robot landlords are buying up houses (Vice) — Tesla blogs propagate fake news of chip joint venture, but why? (Electrek) — Breaking...",2022-11-29
214,The electric vehicle boom in a quiet Hungarian town,"...100GWh battery plant in Debrecen — about five times the current size of Tesla’s Nevada Gigafactory, and enough to power 2mn new cars per year...",2022-11-29
215,Elon Musk lashes out at Apple over Twitter,"...although “negative/hate speech” will be “deboosted”. As part of this, the Tesla and SpaceX chief executive is restoring most Twitter accounts that were previously...",2022-11-28
216,"Citi’s surprise gambit for the African debt market Premium
 content","...in the US, because of the IRA; friends are choosing to buy Tesla cars over Polestar electric vehicles because the former gets a subsidy for...",2022-11-28
217,Industrial strategy demands a new deal with the private sector,"...succeed and some fail. If the US government had acquired shares in Tesla in exchange for its early-stage funding of $465mn, this revenue could...",2022-11-27
218,Twitter’s $5bn-a-year business hit as Elon Musk clashes with advertisers,"...27, the day he closed his $44bn deal to buy Twitter, the Tesla and SpaceX chief executive sought to reassure marketers that the platform would...",2022-11-26
219,"The Lex Newsletter: China’s pandemic pandemonium threatens western business Premium
 content","...of the financial kind spread to some US businesses this week, notably Tesla, whose shares dropped 7 per cent on Monday. The US electric vehicle...",2022-11-25
220,"Tesla/China: recalls draw attention at a risky time Premium
 content",...of key state-owned companies are said to be restricted from using Tesla cars. Tesla’s formidable success — as a foreign company — is not the...,2022-11-25
221,Exploring Elon Musk’s Semaformantics,"...Tesla’s Elon Musk and Semafor’s Ben Smith have been having a fight on Twitter, a website the former owns. (Alphaville sighs, looks out...",2022-11-25
222,Brad DeLong: ‘The US is now an anti-globalisation outlier’,...of discovery and development around 1870 — the fact that someone like Nikola Tesla could do his work and push forward electricity 10 years faster [with...,2022-11-24
223,"Covid/China: fear of contagion still worries world markets  Premium
 content",...exposure to China have suffered following the announcement of rising new cases. Tesla shares lost nearly 7 per cent on Monday. Its fast-growing sales...,2022-11-22
224,Best books of 2022: Environment,"...can save the planet is rife. Stop flying. Go vegan. Drive a Tesla. But as this clever and uplifting book explains, the world won’t...",2022-11-22
225,Asset Management: ‘Tiger cub’ Coatue prepares for market reckoning,"...Index is down 30 per cent this year. Hedge fund darlings like Tesla and Meta, both of which sat in Coatue’s top-10 holdings...",2022-11-21
226,Tesla supplier warns of graphite supply risk in ‘opaque’ market,"...has warned. Shaun Verner, chief executive of Australia’s Syrah Resources, a Tesla supplier that operates a huge mine in Mozambique, said that the graphite...",2022-11-21
227,Big Pharma targets $50bn obesity drugs market as demand booms,...worsening the Wegovy supply crunch and can lead to misuse. Last month Tesla founder Elon Musk attributed his weight loss to “fasting” and “Wegovy” while...,2022-11-21
228,Ev.energy wants to be the ‘Android’ of electric car charging,"...electric vehicles, he was nevertheless pleasantly surprised when he plugged in his Tesla and found the system allowed him to set when he needed the...",2022-11-21
229,"Stephen Diehl: Crypto is the ‘commoditisation of populist anger, gambling and crime’","...Musk, who has fanned the meme coin Dogecoin, and whose car company Tesla bought bitcoin (before selling most of it). “Elon is a clown. I...",2022-11-21
230,European industry pivots to US as Biden subsidy sends ‘dangerous signal’,"Politicians warn of investment exodus across Atlantic, driven by US incentives and cheaper gas prices",2022-11-20
231,Musk reinstates Trump’s Twitter account,"...Twitter since Musk took the reins. In a matter of weeks, the Tesla and SpaceX chief executive has fired half the company’s workforce and...",2022-11-20
232,Sony-Honda venture plans to tap entertainment prowess for its electric cars,"...Sony and Honda plan to use music, movies and the PlayStation 5 to take on Tesla and the rest of the automotive industry by developing...",2022-11-20
233,Livent warns of lithium roadblock to rollout of electric cars,"...all the corners of demand.” Graves, whose company is a supplier to Tesla, General Motors and BMW, warned that the problem meant it would take...",2022-11-19
234,More Twitter employees exit after Elon Musk’s ‘hardcore’ deadline,"...culture, using as a blueprint the tough culture of long hours at Tesla and SpaceX, the other companies he runs. The billionaire on Wednesday told...",2022-11-18
235,Elon Musk’s chaotic reign boosts Twitter — and its smaller rivals,...forced to reconsider how he plans to shake up his business. The Tesla and SpaceX chief executive has put his flagship Twitter Blue subscription service...,2022-11-18
236,Philippe Laffont: from ‘repressed computer scientist’ to top tech investor,"...Index is down 30 per cent this year. Hedge fund darlings like Tesla and Meta, both of which sat in Coatue’s top-10 holdings...",2022-11-18
237,"Can the market rise without Big Tech? Premium
 content","...This makes a certain amount of sense. Apple, Microsoft, Amazon, Alphabet and Tesla make up 20 per cent of the S&P 500. If they...",2022-11-18
238,General Motors predicts profits from EV business in 2025,"...By 2024 GM plans to make 400,000 EVs as it chases Tesla’s pole position as the top North American EV manufacturer. GM’s...",2022-11-17
239,FTX shows founders can still conjure up the ‘reality distortion field’,...been the most Jobs-like in bending reality to his will at Tesla and SpaceX (although reality is proving more resistant at Twitter). But Adam...,2022-11-17
240,FirstFT: Changing of the guard,"...both halves of the firm. 3. Elon Musk discussed potential successor as Tesla CEO, says James Murdoch Elon Musk had identified a potential successor as...",2022-11-17
241,One-man states and companies are ruining the world,"...But by then Putin, Xi Jinping, Mark Zuckerberg’s Meta, Musk’s Tesla and Jeff Bezos’s Amazon were already ascending. Then Mohammed bin Salman...",2022-11-17
242,"Can Tesla investors claw back $56bn from Musk? Premium
 content",...seen by the FT. In today’s newsletter: Musk faces off against Tesla shareholders Wall Street turns on Trump Brookfield and the music bizMusk takes...,2022-11-17
243,"Elon Musk discussed potential successor as Tesla CEO, says James Murdoch",...had publicly stated that he “intend[ed] to be actively involved with Tesla for the rest of [his] life”. Tesla board members had testified in...,2022-11-16
244,Musk tells Twitter staff to commit to ‘hardcore’ culture or leave,"...in Delaware on Wednesday related to a dispute over his multibillion-dollar Tesla pay deal, Musk said that he was spending lots of his time...",2022-11-16
245,FirstFT: Emergency talks,...to see if underlying inflation is slowing down. Elon Musk trial The Tesla chief executive is expected to appear in a Delaware court to testify...,2022-11-16
246,Mercedes-Benz follows Tesla and cuts EV prices in China,"...Mercedes-Benz has cut the price of some of its electric models in China, following market leader Tesla, which last month slashed prices in the...",2022-11-16
247,Ex-Tesla Australia director Kurt Schlosser pleads guilty to insider trading,...The former head of Tesla’s Australian operations has pleaded guilty to insider trading after buying shares in a lithium producer based on knowledge that...,2022-11-16
248,Nickel prices soar as ‘thin’ trading conditions boost volatility,"...rise on Tuesday after a nickel mine in New Caledonia, which supplies Tesla, cut its fourth-quarter production forecast. Trading sources said the volatile price...",2022-11-16
249,"The tech billionaire behind a coal board coup Premium
 content",...to steer it towards renewable energy. The new board members — including former Tesla Energy director Mark Twidell — mark the latest twist in a long-running...,2022-11-16
250,UK regulator may force social media sites to reveal algorithms,"...forthcoming trip to the US, but nothing has been rescheduled since the Tesla billionaire took control and cleared out its top ranks. “It’s very...",2022-11-16
251,Ford chief warns electric vehicles require 40% less labour,"...production of batteries, the most valuable components of electric cars or trucks. Tesla and Panasonic have worked together since 2014 to build batteries at the...",2022-11-15
252,Tech billionaire wins board shake-up at Australia’s biggest polluter,...s nominees — including former Foster’s chief executive John Pollaers and former Tesla Energy director Mark Twidell — will now hold four of energy company AGL...,2022-11-15
253,"Due Diligence: behind the scenes of FTX’s unravelling Premium
 content",...all along.News round-up Legal fight over Elon Musk’s $56bn Tesla pay deal begins (FT) Estée Lauder nears $2.8bn deal to buy...,2022-11-15
254,Carmakers switch to direct deals with miners to power electric vehicles,...25 per cent stake in cobalt producer CMOC for about $3.7bn. Tesla has been the most aggressive western carmaker in signalling it will become...,2022-11-15
255,Ocado chief plans technology push into south-east Asia,"...and altering the whole system, a model he compared to electric carmaker Tesla. “Why is Tesla so valuable? Because it has built an end-to...",2022-11-15
256,Buffett’s Berkshire Hathaway buys $4bn stake in chipmaker TSMC,Investment adds another technology group to industrial conglomerate’s sprawling portfolio,2022-11-15
257,Legal fight over Elon Musk’s $56bn Tesla pay deal begins,"...of businesses of which he is at least nominally in charge, including Tesla, SpaceX, Neuralink and The Boring Company. Lawyers for the Tesla investors who...",2022-11-14
258,FirstFT: Crypto carnage,...he will not be attending in person. Elon Musk in court over Tesla pay Elon Musk will seek to prove that he is deserving of...,2022-11-14
259,BP shakes up offshore wind unit with hiring spree,"...Times that 36 senior executives had arrived so far from companies including Tesla, Vodafone, 7-Eleven and the Toyota Research Institute. Since Looney became chief...",2022-11-14
260,Investors pump record sums into leveraged ETFs,"...based] on securities that many people will know,” such as Apple and Tesla, Fuhr said. “Many people tend to have some money that they will...",2022-11-14
261,You really don’t want to get in a Twitter fight with Elon Musk,"...only agency he’s reached out to. James Murdoch’s on the Tesla board. We did a lot of good work with him, do you...",2022-11-14
262,Joe Biden’s busy birthday week,"...the diary. This time it is over his $56bn pay package at Tesla. A court in Delaware, where the electric vehicle maker is registered, will...",2022-11-13
263,My week with Elon,"...control it, nor could successive chief executives. We were free. Now the Tesla King is here, and everything seems to hang on his whim. It...",2022-11-11
264,Energy transition powers specialist investment trusts,"...happened to the stock this year — one of its largest holdings is Tesla. Renewable energy infrastructure trusts, by contrast, may offer the retail investor who...",2022-11-11
265,Looking for alternatives: the investment trust route,"...Mortgage, known for its bold bets on high-growth companies such as Tesla, now devotes up to 30 per cent of its portfolio to private...",2022-11-11
266,Musk warns Twitter bankruptcy is possible as executives exit,"...Roth had emerged as one of Musk’s trusted leaders after the Tesla chief laid off more than half of Twitter’s 7,500-strong...",2022-11-11
267,Elon Musk bans remote work at Twitter,"...policy at Twitter matches Musk’s demands at another company he runs, Tesla, where in June he insisted staff should turn up for work at...",2022-11-11
268,"TSMC seeks neon while Sony slashes plastic Premium
 content",...self-report the specifications of chips and sign disclaimers.A first for Tesla Even though Toyota Motor sold over seven times more cars than Tesla...,2022-11-10
269,"Cerberus in checkout line for $14bn payday Premium
 content","...the deal after selling $8.5bn worth shares in his electric carmaker Tesla. “No further TSLA sales planned after today,” he wrote on Twitter at...",2022-11-10
270,Psychedelics and business could make for a bad trip,"...MindMed, JR Rahn, on the day the company — he called it “the Tesla of mental health” — listed on the Nasdaq last year. “Forty per cent...",2022-11-10
271,Biden says Musk security concerns ‘worthy of being looked at’,"...government scrutiny on Musk’s dealings less than two weeks after the Tesla boss closed the $44bn Twitter deal, one of the most high-profile...",2022-11-10
